{"loss": 0.0, "_timestamp": 1689244281.6482916, "_runtime": 20451.265162706375, "_step": 35921}