{"loss": 0.7534135580062866, "_timestamp": 1689166452.1848135, "_runtime": 52.884464502334595, "_step": 26, "_wandb": {"runtime": 27}}